ID,keyword,year,result_text,Timestamp
1233,ISL News,2024,,2024-04-19 08:47:36
1134,ISL News,2024,Guided Search Filters,2024-04-19 08:40:23
767,ISL News,2024,,2024-04-19 00:51:10
768,ISL News,2024,ISL Latest News and Updates - Indian Super League,2024-04-19 00:51:10
769,ISL News,2024,Mohun Bagan wins League Shield: Which teams have won ...,2024-04-19 00:51:10
770,ISL News,2024,Guided Search Filters,2024-04-19 00:51:10
771,ISL News,2024,More results,2024-04-19 00:51:10
772,ISL News,2024,MBSG are the ISL 2023-24 League Winners!,2024-04-19 00:51:10
773,ISL News,2024,HT Kick Off: ISL's agonising 17-day break and AIFF's ...,2024-04-19 00:51:10
774,ISL News,2024,ISL 2023-24: Key takeaways from the League Stage,2024-04-19 00:51:10
775,ISL News,2024,ISL: Odisha plot a KO punch on Blasters at Kalinga,2024-04-19 07:39:45
776,ISL News,2024,MBSG are the ISL 2023-24 League Winners!,2024-04-19 07:39:45
777,ISL News,2024,Which teams have qualified for the ISL playoffs and their road ...,2024-04-19 07:39:45
778,ISL News,2024,ISL 2023-24 Playoffs: A detailed look at Odisha FC,2024-04-19 07:39:45
779,ISL News,2024,HT Kick Off: ISL's agonising 17-day break and AIFF's ...,2024-04-19 07:39:45
780,ISL News,2024,Guided Search Filters,2024-04-19 07:39:45
781,ISL News,2024,More results,2024-04-19 07:39:45
782,ISL News,2024,,2024-04-19 07:39:45
783,ISL News,2024,,2024-04-19 08:24:57
784,ISL News,2024,Which teams have qualified for the ISL playoffs and their road ...,2024-04-19 08:24:57
785,ISL News,2024,Guided Search Filters,2024-04-19 08:24:57
786,ISL News,2024,HT Kick Off: ISL's agonising 17-day break and AIFF's ...,2024-04-19 08:24:57
787,ISL News,2024,ISL: Odisha plot a KO punch on Blasters at Kalinga,2024-04-19 08:24:57
788,ISL News,2024,More results,2024-04-19 08:24:57
789,ISL News,2024,ISL Latest News and Updates - Indian Super League,2024-04-19 08:24:57
790,ISL News,2024,,2024-04-19 08:24:57
791,ISL News,2024,Which teams have qualified for the ISL playoffs and their road ...,2024-04-19 08:24:57
792,ISL News,2024,Guided Search Filters,2024-04-19 08:24:57
793,ISL News,2024,HT Kick Off: ISL's agonising 17-day break and AIFF's ...,2024-04-19 08:24:57
794,ISL News,2024,ISL: Odisha plot a KO punch on Blasters at Kalinga,2024-04-19 08:24:57
795,ISL News,2024,More results,2024-04-19 08:24:57
796,ISL News,2024,ISL Latest News and Updates - Indian Super League,2024-04-19 08:24:57
797,ISL News,2024,,2024-04-19 08:24:57
798,ISL News,2024,Which teams have qualified for the ISL playoffs and their road ...,2024-04-19 08:24:57
799,ISL News,2024,Guided Search Filters,2024-04-19 08:24:57
800,ISL News,2024,HT Kick Off: ISL's agonising 17-day break and AIFF's ...,2024-04-19 08:24:57
801,ISL News,2024,ISL: Odisha plot a KO punch on Blasters at Kalinga,2024-04-19 08:24:57
802,ISL News,2024,More results,2024-04-19 08:24:57
803,ISL News,2024,ISL Latest News and Updates - Indian Super League,2024-04-19 08:24:57
804,ISL News,2024,,2024-04-19 08:24:57
805,ISL News,2024,Which teams have qualified for the ISL playoffs and their road ...,2024-04-19 08:24:57
806,ISL News,2024,Guided Search Filters,2024-04-19 08:24:57
807,ISL News,2024,HT Kick Off: ISL's agonising 17-day break and AIFF's ...,2024-04-19 08:24:57
808,ISL News,2024,ISL: Odisha plot a KO punch on Blasters at Kalinga,2024-04-19 08:24:57
809,ISL News,2024,More results,2024-04-19 08:24:57
810,ISL News,2024,ISL Latest News and Updates - Indian Super League,2024-04-19 08:24:57
811,ISL News,2024,,2024-04-19 08:24:57
812,ISL News,2024,Which teams have qualified for the ISL playoffs and their road ...,2024-04-19 08:24:57
813,ISL News,2024,Guided Search Filters,2024-04-19 08:24:57
814,ISL News,2024,HT Kick Off: ISL's agonising 17-day break and AIFF's ...,2024-04-19 08:24:57
815,ISL News,2024,ISL: Odisha plot a KO punch on Blasters at Kalinga,2024-04-19 08:24:57
816,ISL News,2024,More results,2024-04-19 08:24:57
817,ISL News,2024,ISL Latest News and Updates - Indian Super League,2024-04-19 08:24:57
818,ISL News,2024,,2024-04-19 08:24:57
819,ISL News,2024,Which teams have qualified for the ISL playoffs and their road ...,2024-04-19 08:24:57
820,ISL News,2024,Guided Search Filters,2024-04-19 08:24:57
821,ISL News,2024,HT Kick Off: ISL's agonising 17-day break and AIFF's ...,2024-04-19 08:24:57
822,ISL News,2024,ISL: Odisha plot a KO punch on Blasters at Kalinga,2024-04-19 08:24:57
823,ISL News,2024,More results,2024-04-19 08:24:57
824,ISL News,2024,ISL Latest News and Updates - Indian Super League,2024-04-19 08:24:57
825,ISL News,2024,,2024-04-19 08:24:57
826,ISL News,2024,Which teams have qualified for the ISL playoffs and their road ...,2024-04-19 08:24:57
827,ISL News,2024,Guided Search Filters,2024-04-19 08:24:57
828,ISL News,2024,,2024-04-19 08:29:32
829,ISL News,2024,Which teams have qualified for the ISL playoffs and their road ...,2024-04-19 08:29:32
830,ISL News,2024,HT Kick Off: ISL's agonising 17-day break and AIFF's ...,2024-04-19 08:29:32
831,ISL News,2024,ISL Latest News and Updates - Indian Super League,2024-04-19 08:29:32
832,ISL News,2024,ISL: Odisha plot a KO punch on Blasters at Kalinga,2024-04-19 08:29:32
833,ISL News,2024,Guided Search Filters,2024-04-19 08:29:32
834,ISL News,2024,More results,2024-04-19 08:29:32
835,ISL News,2024,,2024-04-19 08:29:32
836,ISL News,2024,Which teams have qualified for the ISL playoffs and their road ...,2024-04-19 08:29:32
837,ISL News,2024,HT Kick Off: ISL's agonising 17-day break and AIFF's ...,2024-04-19 08:29:32
838,ISL News,2024,ISL Latest News and Updates - Indian Super League,2024-04-19 08:29:32
839,ISL News,2024,ISL: Odisha plot a KO punch on Blasters at Kalinga,2024-04-19 08:29:32
840,ISL News,2024,Guided Search Filters,2024-04-19 08:29:32
841,ISL News,2024,More results,2024-04-19 08:29:32
842,ISL News,2024,,2024-04-19 08:29:32
843,ISL News,2024,Which teams have qualified for the ISL playoffs and their road ...,2024-04-19 08:29:32
844,ISL News,2024,HT Kick Off: ISL's agonising 17-day break and AIFF's ...,2024-04-19 08:29:32
845,ISL News,2024,ISL Latest News and Updates - Indian Super League,2024-04-19 08:29:32
846,ISL News,2024,ISL: Odisha plot a KO punch on Blasters at Kalinga,2024-04-19 08:29:32
847,ISL News,2024,Guided Search Filters,2024-04-19 08:29:32
848,ISL News,2024,More results,2024-04-19 08:29:32
849,ISL News,2024,,2024-04-19 08:29:32
850,ISL News,2024,Which teams have qualified for the ISL playoffs and their road ...,2024-04-19 08:29:32
851,ISL News,2024,HT Kick Off: ISL's agonising 17-day break and AIFF's ...,2024-04-19 08:29:32
852,ISL News,2024,ISL Latest News and Updates - Indian Super League,2024-04-19 08:29:32
853,ISL News,2024,ISL: Odisha plot a KO punch on Blasters at Kalinga,2024-04-19 08:29:32
854,ISL News,2024,Guided Search Filters,2024-04-19 08:29:32
855,ISL News,2024,More results,2024-04-19 08:29:32
856,ISL News,2024,,2024-04-19 08:29:32
857,ISL News,2024,Which teams have qualified for the ISL playoffs and their road ...,2024-04-19 08:29:32
858,ISL News,2024,HT Kick Off: ISL's agonising 17-day break and AIFF's ...,2024-04-19 08:29:32
859,ISL News,2024,ISL Latest News and Updates - Indian Super League,2024-04-19 08:29:32
860,ISL News,2024,ISL: Odisha plot a KO punch on Blasters at Kalinga,2024-04-19 08:29:32
861,ISL News,2024,Guided Search Filters,2024-04-19 08:29:32
862,ISL News,2024,More results,2024-04-19 08:29:32
863,ISL News,2024,,2024-04-19 08:29:32
864,ISL News,2024,Which teams have qualified for the ISL playoffs and their road ...,2024-04-19 08:29:32
865,ISL News,2024,HT Kick Off: ISL's agonising 17-day break and AIFF's ...,2024-04-19 08:29:32
866,ISL News,2024,ISL Latest News and Updates - Indian Super League,2024-04-19 08:29:32
867,ISL News,2024,ISL: Odisha plot a KO punch on Blasters at Kalinga,2024-04-19 08:29:32
868,ISL News,2024,Guided Search Filters,2024-04-19 08:29:32
869,ISL News,2024,More results,2024-04-19 08:29:32
870,ISL News,2024,,2024-04-19 08:29:32
871,ISL News,2024,Which teams have qualified for the ISL playoffs and their road ...,2024-04-19 08:29:32
872,ISL News,2024,HT Kick Off: ISL's agonising 17-day break and AIFF's ...,2024-04-19 08:29:32
873,ISL News,2024,,2024-04-19 08:31:56
874,ISL News,2024,ISL: Odisha plot a KO punch on Blasters at Kalinga,2024-04-19 08:31:56
875,ISL News,2024,HT Kick Off: ISL's agonising 17-day break and AIFF's ...,2024-04-19 08:31:56
876,ISL News,2024,More results,2024-04-19 08:31:56
877,ISL News,2024,ISL Latest News and Updates - Indian Super League,2024-04-19 08:31:56
878,ISL News,2024,Which teams have qualified for the ISL playoffs and their road ...,2024-04-19 08:31:56
879,ISL News,2024,Guided Search Filters,2024-04-19 08:31:56
880,ISL News,2024,,2024-04-19 08:31:56
881,ISL News,2024,ISL: Odisha plot a KO punch on Blasters at Kalinga,2024-04-19 08:31:56
882,ISL News,2024,HT Kick Off: ISL's agonising 17-day break and AIFF's ...,2024-04-19 08:31:56
883,ISL News,2024,More results,2024-04-19 08:31:56
884,ISL News,2024,ISL Latest News and Updates - Indian Super League,2024-04-19 08:31:56
885,ISL News,2024,Which teams have qualified for the ISL playoffs and their road ...,2024-04-19 08:31:56
886,ISL News,2024,Guided Search Filters,2024-04-19 08:31:56
887,ISL News,2024,,2024-04-19 08:31:56
888,ISL News,2024,ISL: Odisha plot a KO punch on Blasters at Kalinga,2024-04-19 08:31:56
889,ISL News,2024,HT Kick Off: ISL's agonising 17-day break and AIFF's ...,2024-04-19 08:31:56
890,ISL News,2024,More results,2024-04-19 08:31:56
891,ISL News,2024,ISL Latest News and Updates - Indian Super League,2024-04-19 08:31:56
892,ISL News,2024,Which teams have qualified for the ISL playoffs and their road ...,2024-04-19 08:31:56
893,ISL News,2024,Guided Search Filters,2024-04-19 08:31:56
894,ISL News,2024,,2024-04-19 08:31:56
895,ISL News,2024,ISL: Odisha plot a KO punch on Blasters at Kalinga,2024-04-19 08:31:56
896,ISL News,2024,HT Kick Off: ISL's agonising 17-day break and AIFF's ...,2024-04-19 08:31:56
897,ISL News,2024,More results,2024-04-19 08:31:56
898,ISL News,2024,ISL Latest News and Updates - Indian Super League,2024-04-19 08:31:56
899,ISL News,2024,Which teams have qualified for the ISL playoffs and their road ...,2024-04-19 08:31:56
900,ISL News,2024,Guided Search Filters,2024-04-19 08:31:56
901,ISL News,2024,,2024-04-19 08:31:56
902,ISL News,2024,ISL: Odisha plot a KO punch on Blasters at Kalinga,2024-04-19 08:31:56
903,ISL News,2024,HT Kick Off: ISL's agonising 17-day break and AIFF's ...,2024-04-19 08:31:56
904,ISL News,2024,More results,2024-04-19 08:31:56
905,ISL News,2024,ISL Latest News and Updates - Indian Super League,2024-04-19 08:31:56
906,ISL News,2024,Which teams have qualified for the ISL playoffs and their road ...,2024-04-19 08:31:56
907,ISL News,2024,Guided Search Filters,2024-04-19 08:31:56
908,ISL News,2024,,2024-04-19 08:31:56
909,ISL News,2024,ISL: Odisha plot a KO punch on Blasters at Kalinga,2024-04-19 08:31:56
910,ISL News,2024,HT Kick Off: ISL's agonising 17-day break and AIFF's ...,2024-04-19 08:31:56
911,ISL News,2024,More results,2024-04-19 08:31:56
912,ISL News,2024,ISL Latest News and Updates - Indian Super League,2024-04-19 08:31:56
913,ISL News,2024,Which teams have qualified for the ISL playoffs and their road ...,2024-04-19 08:31:56
914,ISL News,2024,Guided Search Filters,2024-04-19 08:31:56
915,ISL News,2024,,2024-04-19 08:31:56
916,ISL News,2024,ISL: Odisha plot a KO punch on Blasters at Kalinga,2024-04-19 08:31:56
917,ISL News,2024,HT Kick Off: ISL's agonising 17-day break and AIFF's ...,2024-04-19 08:31:56
918,ISL News,2024,,2024-04-19 08:34:52
919,ISL News,2024,Guided Search Filters,2024-04-19 08:34:52
920,ISL News,2024,Which teams have qualified for the ISL playoffs and their road ...,2024-04-19 08:34:52
921,ISL News,2024,ISL: Odisha plot a KO punch on Blasters at Kalinga,2024-04-19 08:34:52
922,ISL News,2024,More results,2024-04-19 08:34:52
923,ISL News,2024,ISL Latest News and Updates - Indian Super League,2024-04-19 08:34:52
924,ISL News,2024,HT Kick Off: ISL's agonising 17-day break and AIFF's ...,2024-04-19 08:34:52
925,ISL News,2024,,2024-04-19 08:34:52
926,ISL News,2024,Guided Search Filters,2024-04-19 08:34:52
927,ISL News,2024,Which teams have qualified for the ISL playoffs and their road ...,2024-04-19 08:34:52
928,ISL News,2024,ISL: Odisha plot a KO punch on Blasters at Kalinga,2024-04-19 08:34:52
929,ISL News,2024,More results,2024-04-19 08:34:52
930,ISL News,2024,ISL Latest News and Updates - Indian Super League,2024-04-19 08:34:52
931,ISL News,2024,HT Kick Off: ISL's agonising 17-day break and AIFF's ...,2024-04-19 08:34:52
932,ISL News,2024,,2024-04-19 08:34:52
933,ISL News,2024,Guided Search Filters,2024-04-19 08:34:52
934,ISL News,2024,Which teams have qualified for the ISL playoffs and their road ...,2024-04-19 08:34:52
935,ISL News,2024,ISL: Odisha plot a KO punch on Blasters at Kalinga,2024-04-19 08:34:52
936,ISL News,2024,More results,2024-04-19 08:34:52
937,ISL News,2024,ISL Latest News and Updates - Indian Super League,2024-04-19 08:34:52
938,ISL News,2024,HT Kick Off: ISL's agonising 17-day break and AIFF's ...,2024-04-19 08:34:52
939,ISL News,2024,,2024-04-19 08:34:52
940,ISL News,2024,Guided Search Filters,2024-04-19 08:34:52
941,ISL News,2024,Which teams have qualified for the ISL playoffs and their road ...,2024-04-19 08:34:52
942,ISL News,2024,ISL: Odisha plot a KO punch on Blasters at Kalinga,2024-04-19 08:34:52
943,ISL News,2024,More results,2024-04-19 08:34:52
944,ISL News,2024,ISL Latest News and Updates - Indian Super League,2024-04-19 08:34:52
945,ISL News,2024,HT Kick Off: ISL's agonising 17-day break and AIFF's ...,2024-04-19 08:34:52
946,ISL News,2024,,2024-04-19 08:34:52
947,ISL News,2024,Guided Search Filters,2024-04-19 08:34:52
948,ISL News,2024,Which teams have qualified for the ISL playoffs and their road ...,2024-04-19 08:34:52
949,ISL News,2024,ISL: Odisha plot a KO punch on Blasters at Kalinga,2024-04-19 08:34:52
950,ISL News,2024,More results,2024-04-19 08:34:52
951,ISL News,2024,ISL Latest News and Updates - Indian Super League,2024-04-19 08:34:52
952,ISL News,2024,HT Kick Off: ISL's agonising 17-day break and AIFF's ...,2024-04-19 08:34:52
953,ISL News,2024,,2024-04-19 08:34:52
954,ISL News,2024,Guided Search Filters,2024-04-19 08:34:52
955,ISL News,2024,Which teams have qualified for the ISL playoffs and their road ...,2024-04-19 08:34:52
956,ISL News,2024,ISL: Odisha plot a KO punch on Blasters at Kalinga,2024-04-19 08:34:52
957,ISL News,2024,More results,2024-04-19 08:34:52
958,ISL News,2024,ISL Latest News and Updates - Indian Super League,2024-04-19 08:34:52
959,ISL News,2024,HT Kick Off: ISL's agonising 17-day break and AIFF's ...,2024-04-19 08:34:52
960,ISL News,2024,,2024-04-19 08:34:52
961,ISL News,2024,Guided Search Filters,2024-04-19 08:34:52
962,ISL News,2024,Which teams have qualified for the ISL playoffs and their road ...,2024-04-19 08:34:52
963,ISL News,2024,,2024-04-19 08:35:37
964,ISL News,2024,ISL: Odisha plot a KO punch on Blasters at Kalinga,2024-04-19 08:35:37
965,ISL News,2024,More results,2024-04-19 08:35:37
966,ISL News,2024,HT Kick Off: ISL's agonising 17-day break and AIFF's ...,2024-04-19 08:35:37
967,ISL News,2024,Which teams have qualified for the ISL playoffs and their road ...,2024-04-19 08:35:37
968,ISL News,2024,Guided Search Filters,2024-04-19 08:35:37
969,ISL News,2024,ISL Latest News and Updates - Indian Super League,2024-04-19 08:35:37
970,ISL News,2024,,2024-04-19 08:35:37
971,ISL News,2024,ISL: Odisha plot a KO punch on Blasters at Kalinga,2024-04-19 08:35:37
972,ISL News,2024,More results,2024-04-19 08:35:37
1234,ISL News,2024,More results,2024-04-19 08:47:36
973,ISL News,2024,HT Kick Off: ISL's agonising 17-day break and AIFF's ...,2024-04-19 08:35:37
974,ISL News,2024,Which teams have qualified for the ISL playoffs and their road ...,2024-04-19 08:35:37
975,ISL News,2024,Guided Search Filters,2024-04-19 08:35:37
976,ISL News,2024,ISL Latest News and Updates - Indian Super League,2024-04-19 08:35:37
977,ISL News,2024,,2024-04-19 08:35:37
978,ISL News,2024,ISL: Odisha plot a KO punch on Blasters at Kalinga,2024-04-19 08:35:37
979,ISL News,2024,More results,2024-04-19 08:35:37
980,ISL News,2024,HT Kick Off: ISL's agonising 17-day break and AIFF's ...,2024-04-19 08:35:37
981,ISL News,2024,Which teams have qualified for the ISL playoffs and their road ...,2024-04-19 08:35:37
982,ISL News,2024,Guided Search Filters,2024-04-19 08:35:37
983,ISL News,2024,ISL Latest News and Updates - Indian Super League,2024-04-19 08:35:37
984,ISL News,2024,,2024-04-19 08:35:37
985,ISL News,2024,ISL: Odisha plot a KO punch on Blasters at Kalinga,2024-04-19 08:35:37
986,ISL News,2024,More results,2024-04-19 08:35:37
987,ISL News,2024,HT Kick Off: ISL's agonising 17-day break and AIFF's ...,2024-04-19 08:35:37
988,ISL News,2024,Which teams have qualified for the ISL playoffs and their road ...,2024-04-19 08:35:37
989,ISL News,2024,Guided Search Filters,2024-04-19 08:35:37
990,ISL News,2024,ISL Latest News and Updates - Indian Super League,2024-04-19 08:35:37
991,ISL News,2024,,2024-04-19 08:35:37
992,ISL News,2024,ISL: Odisha plot a KO punch on Blasters at Kalinga,2024-04-19 08:35:37
993,ISL News,2024,More results,2024-04-19 08:35:37
994,ISL News,2024,HT Kick Off: ISL's agonising 17-day break and AIFF's ...,2024-04-19 08:35:37
995,ISL News,2024,Which teams have qualified for the ISL playoffs and their road ...,2024-04-19 08:35:37
996,ISL News,2024,Guided Search Filters,2024-04-19 08:35:37
997,ISL News,2024,ISL Latest News and Updates - Indian Super League,2024-04-19 08:35:37
998,ISL News,2024,,2024-04-19 08:35:37
999,ISL News,2024,ISL: Odisha plot a KO punch on Blasters at Kalinga,2024-04-19 08:35:37
1000,ISL News,2024,More results,2024-04-19 08:35:37
1001,ISL News,2024,HT Kick Off: ISL's agonising 17-day break and AIFF's ...,2024-04-19 08:35:37
1002,ISL News,2024,Which teams have qualified for the ISL playoffs and their road ...,2024-04-19 08:35:37
1003,ISL News,2024,Guided Search Filters,2024-04-19 08:35:37
1004,ISL News,2024,ISL Latest News and Updates - Indian Super League,2024-04-19 08:35:37
1005,ISL News,2024,,2024-04-19 08:35:37
1006,ISL News,2024,ISL: Odisha plot a KO punch on Blasters at Kalinga,2024-04-19 08:35:37
1007,ISL News,2024,More results,2024-04-19 08:35:37
1008,ISL News,2024,HT Kick Off: ISL's agonising 17-day break and AIFF's ...,2024-04-19 08:36:59
1009,ISL News,2024,,2024-04-19 08:36:59
1010,ISL News,2024,Guided Search Filters,2024-04-19 08:36:59
1011,ISL News,2024,Preview: Odisha FC take on Kerala Blasters FC for a spot ...,2024-04-19 08:36:59
1012,ISL News,2024,More results,2024-04-19 08:36:59
1013,ISL News,2024,MBSG are the ISL 2023-24 League Winners!,2024-04-19 08:36:59
1014,ISL News,2024,Mohun Bagan Super Giant 2-1 Mumbai City FC | MW 22 | ISL ...,2024-04-19 08:36:59
1015,ISL News,2024,ISL: Odisha plot a KO punch on Blasters at Kalinga,2024-04-19 08:36:59
1016,ISL News,2024,Which teams have qualified for the ISL playoffs and their road ...,2024-04-19 08:36:59
1017,ISL News,2024,Mohun Bagan Super Giant 2-1 Mumbai City FC | ISL 2023-24,2024-04-19 08:36:59
1018,ISL News,2024,HT Kick Off: ISL's agonising 17-day break and AIFF's ...,2024-04-19 08:36:59
1019,ISL News,2024,,2024-04-19 08:36:59
1020,ISL News,2024,Guided Search Filters,2024-04-19 08:36:59
1021,ISL News,2024,Preview: Odisha FC take on Kerala Blasters FC for a spot ...,2024-04-19 08:36:59
1022,ISL News,2024,More results,2024-04-19 08:36:59
1023,ISL News,2024,MBSG are the ISL 2023-24 League Winners!,2024-04-19 08:36:59
1024,ISL News,2024,Mohun Bagan Super Giant 2-1 Mumbai City FC | MW 22 | ISL ...,2024-04-19 08:36:59
1025,ISL News,2024,ISL: Odisha plot a KO punch on Blasters at Kalinga,2024-04-19 08:36:59
1026,ISL News,2024,Which teams have qualified for the ISL playoffs and their road ...,2024-04-19 08:36:59
1027,ISL News,2024,Mohun Bagan Super Giant 2-1 Mumbai City FC | ISL 2023-24,2024-04-19 08:36:59
1028,ISL News,2024,HT Kick Off: ISL's agonising 17-day break and AIFF's ...,2024-04-19 08:36:59
1029,ISL News,2024,,2024-04-19 08:36:59
1030,ISL News,2024,Guided Search Filters,2024-04-19 08:36:59
1031,ISL News,2024,Preview: Odisha FC take on Kerala Blasters FC for a spot ...,2024-04-19 08:36:59
1032,ISL News,2024,More results,2024-04-19 08:36:59
1033,ISL News,2024,MBSG are the ISL 2023-24 League Winners!,2024-04-19 08:36:59
1034,ISL News,2024,Mohun Bagan Super Giant 2-1 Mumbai City FC | MW 22 | ISL ...,2024-04-19 08:36:59
1035,ISL News,2024,ISL: Odisha plot a KO punch on Blasters at Kalinga,2024-04-19 08:36:59
1036,ISL News,2024,Which teams have qualified for the ISL playoffs and their road ...,2024-04-19 08:36:59
1037,ISL News,2024,Mohun Bagan Super Giant 2-1 Mumbai City FC | ISL 2023-24,2024-04-19 08:36:59
1038,ISL News,2024,HT Kick Off: ISL's agonising 17-day break and AIFF's ...,2024-04-19 08:36:59
1039,ISL News,2024,,2024-04-19 08:36:59
1040,ISL News,2024,Guided Search Filters,2024-04-19 08:36:59
1041,ISL News,2024,Preview: Odisha FC take on Kerala Blasters FC for a spot ...,2024-04-19 08:36:59
1042,ISL News,2024,More results,2024-04-19 08:36:59
1043,ISL News,2024,MBSG are the ISL 2023-24 League Winners!,2024-04-19 08:36:59
1044,ISL News,2024,Mohun Bagan Super Giant 2-1 Mumbai City FC | MW 22 | ISL ...,2024-04-19 08:36:59
1045,ISL News,2024,ISL: Odisha plot a KO punch on Blasters at Kalinga,2024-04-19 08:36:59
1046,ISL News,2024,Which teams have qualified for the ISL playoffs and their road ...,2024-04-19 08:36:59
1047,ISL News,2024,Mohun Bagan Super Giant 2-1 Mumbai City FC | ISL 2023-24,2024-04-19 08:36:59
1048,ISL News,2024,HT Kick Off: ISL's agonising 17-day break and AIFF's ...,2024-04-19 08:36:59
1049,ISL News,2024,,2024-04-19 08:36:59
1050,ISL News,2024,Guided Search Filters,2024-04-19 08:36:59
1051,ISL News,2024,Preview: Odisha FC take on Kerala Blasters FC for a spot ...,2024-04-19 08:36:59
1052,ISL News,2024,More results,2024-04-19 08:36:59
1053,ISL News,2024,,2024-04-19 08:39:42
1054,ISL News,2024,MBSG are the ISL 2023-24 League Winners!,2024-04-19 08:39:42
1055,ISL News,2024,HT Kick Off: ISL's agonising 17-day break and AIFF's ...,2024-04-19 08:39:42
1056,ISL News,2024,More results,2024-04-19 08:39:42
1057,ISL News,2024,Preview: Odisha FC take on Kerala Blasters FC for a spot ...,2024-04-19 08:39:42
1058,ISL News,2024,Which teams have qualified for the ISL playoffs and their road ...,2024-04-19 08:39:42
1059,ISL News,2024,Guided Search Filters,2024-04-19 08:39:42
1060,ISL News,2024,ISL: Odisha plot a KO punch on Blasters at Kalinga,2024-04-19 08:39:42
1061,ISL News,2024,Mohun Bagan Super Giant 2-1 Mumbai City FC | MW 22 | ISL ...,2024-04-19 08:39:42
1062,ISL News,2024,Mohun Bagan Super Giant 2-1 Mumbai City FC | ISL 2023-24,2024-04-19 08:39:42
1063,ISL News,2024,,2024-04-19 08:39:42
1064,ISL News,2024,MBSG are the ISL 2023-24 League Winners!,2024-04-19 08:39:42
1065,ISL News,2024,HT Kick Off: ISL's agonising 17-day break and AIFF's ...,2024-04-19 08:39:42
1066,ISL News,2024,More results,2024-04-19 08:39:42
1067,ISL News,2024,Preview: Odisha FC take on Kerala Blasters FC for a spot ...,2024-04-19 08:39:42
1068,ISL News,2024,Which teams have qualified for the ISL playoffs and their road ...,2024-04-19 08:39:42
1069,ISL News,2024,Guided Search Filters,2024-04-19 08:39:42
1070,ISL News,2024,ISL: Odisha plot a KO punch on Blasters at Kalinga,2024-04-19 08:39:42
1071,ISL News,2024,Mohun Bagan Super Giant 2-1 Mumbai City FC | MW 22 | ISL ...,2024-04-19 08:39:42
1072,ISL News,2024,Mohun Bagan Super Giant 2-1 Mumbai City FC | ISL 2023-24,2024-04-19 08:39:42
1073,ISL News,2024,,2024-04-19 08:39:42
1074,ISL News,2024,MBSG are the ISL 2023-24 League Winners!,2024-04-19 08:39:42
1075,ISL News,2024,HT Kick Off: ISL's agonising 17-day break and AIFF's ...,2024-04-19 08:39:42
1076,ISL News,2024,More results,2024-04-19 08:39:42
1077,ISL News,2024,Preview: Odisha FC take on Kerala Blasters FC for a spot ...,2024-04-19 08:39:42
1078,ISL News,2024,Which teams have qualified for the ISL playoffs and their road ...,2024-04-19 08:39:42
1079,ISL News,2024,Guided Search Filters,2024-04-19 08:39:42
1080,ISL News,2024,ISL: Odisha plot a KO punch on Blasters at Kalinga,2024-04-19 08:39:42
1081,ISL News,2024,Mohun Bagan Super Giant 2-1 Mumbai City FC | MW 22 | ISL ...,2024-04-19 08:39:42
1082,ISL News,2024,Mohun Bagan Super Giant 2-1 Mumbai City FC | ISL 2023-24,2024-04-19 08:39:42
1083,ISL News,2024,,2024-04-19 08:39:42
1084,ISL News,2024,MBSG are the ISL 2023-24 League Winners!,2024-04-19 08:39:42
1085,ISL News,2024,HT Kick Off: ISL's agonising 17-day break and AIFF's ...,2024-04-19 08:39:42
1086,ISL News,2024,More results,2024-04-19 08:39:42
1087,ISL News,2024,Preview: Odisha FC take on Kerala Blasters FC for a spot ...,2024-04-19 08:39:42
1088,ISL News,2024,Which teams have qualified for the ISL playoffs and their road ...,2024-04-19 08:39:42
1089,ISL News,2024,Guided Search Filters,2024-04-19 08:39:42
1090,ISL News,2024,ISL: Odisha plot a KO punch on Blasters at Kalinga,2024-04-19 08:39:42
1091,ISL News,2024,Mohun Bagan Super Giant 2-1 Mumbai City FC | MW 22 | ISL ...,2024-04-19 08:39:42
1092,ISL News,2024,Mohun Bagan Super Giant 2-1 Mumbai City FC | ISL 2023-24,2024-04-19 08:39:42
1093,ISL News,2024,,2024-04-19 08:39:42
1094,ISL News,2024,MBSG are the ISL 2023-24 League Winners!,2024-04-19 08:39:42
1095,ISL News,2024,HT Kick Off: ISL's agonising 17-day break and AIFF's ...,2024-04-19 08:39:42
1096,ISL News,2024,More results,2024-04-19 08:39:42
1097,ISL News,2024,Preview: Odisha FC take on Kerala Blasters FC for a spot ...,2024-04-19 08:39:42
1098,ISL News,2024,,2024-04-19 08:40:23
1099,ISL News,2024,MBSG are the ISL 2023-24 League Winners!,2024-04-19 08:40:23
1100,ISL News,2024,Preview: Odisha FC take on Kerala Blasters FC for a spot ...,2024-04-19 08:40:23
1101,ISL News,2024,ISL: Odisha plot a KO punch on Blasters at Kalinga,2024-04-19 08:40:23
1102,ISL News,2024,More results,2024-04-19 08:40:23
1103,ISL News,2024,HT Kick Off: ISL's agonising 17-day break and AIFF's ...,2024-04-19 08:40:23
1104,ISL News,2024,Guided Search Filters,2024-04-19 08:40:23
1105,ISL News,2024,Which teams have qualified for the ISL playoffs and their road ...,2024-04-19 08:40:23
1106,ISL News,2024,Mohun Bagan Super Giant 2-1 Mumbai City FC | ISL 2023-24,2024-04-19 08:40:23
1107,ISL News,2024,Mohun Bagan Super Giant 2-1 Mumbai City FC | MW 22 | ISL ...,2024-04-19 08:40:23
1108,ISL News,2024,,2024-04-19 08:40:23
1109,ISL News,2024,MBSG are the ISL 2023-24 League Winners!,2024-04-19 08:40:23
1110,ISL News,2024,Preview: Odisha FC take on Kerala Blasters FC for a spot ...,2024-04-19 08:40:23
1111,ISL News,2024,ISL: Odisha plot a KO punch on Blasters at Kalinga,2024-04-19 08:40:23
1112,ISL News,2024,More results,2024-04-19 08:40:23
1113,ISL News,2024,HT Kick Off: ISL's agonising 17-day break and AIFF's ...,2024-04-19 08:40:23
1114,ISL News,2024,Guided Search Filters,2024-04-19 08:40:23
1115,ISL News,2024,Which teams have qualified for the ISL playoffs and their road ...,2024-04-19 08:40:23
1116,ISL News,2024,Mohun Bagan Super Giant 2-1 Mumbai City FC | ISL 2023-24,2024-04-19 08:40:23
1117,ISL News,2024,Mohun Bagan Super Giant 2-1 Mumbai City FC | MW 22 | ISL ...,2024-04-19 08:40:23
1118,ISL News,2024,,2024-04-19 08:40:23
1119,ISL News,2024,MBSG are the ISL 2023-24 League Winners!,2024-04-19 08:40:23
1120,ISL News,2024,Preview: Odisha FC take on Kerala Blasters FC for a spot ...,2024-04-19 08:40:23
1121,ISL News,2024,ISL: Odisha plot a KO punch on Blasters at Kalinga,2024-04-19 08:40:23
1122,ISL News,2024,More results,2024-04-19 08:40:23
1123,ISL News,2024,HT Kick Off: ISL's agonising 17-day break and AIFF's ...,2024-04-19 08:40:23
1124,ISL News,2024,Guided Search Filters,2024-04-19 08:40:23
1125,ISL News,2024,Which teams have qualified for the ISL playoffs and their road ...,2024-04-19 08:40:23
1126,ISL News,2024,Mohun Bagan Super Giant 2-1 Mumbai City FC | ISL 2023-24,2024-04-19 08:40:23
1127,ISL News,2024,Mohun Bagan Super Giant 2-1 Mumbai City FC | MW 22 | ISL ...,2024-04-19 08:40:23
1128,ISL News,2024,,2024-04-19 08:40:23
1129,ISL News,2024,MBSG are the ISL 2023-24 League Winners!,2024-04-19 08:40:23
1130,ISL News,2024,Preview: Odisha FC take on Kerala Blasters FC for a spot ...,2024-04-19 08:40:23
1131,ISL News,2024,ISL: Odisha plot a KO punch on Blasters at Kalinga,2024-04-19 08:40:23
1132,ISL News,2024,More results,2024-04-19 08:40:23
1133,ISL News,2024,HT Kick Off: ISL's agonising 17-day break and AIFF's ...,2024-04-19 08:40:23
1135,ISL News,2024,Which teams have qualified for the ISL playoffs and their road ...,2024-04-19 08:40:23
1136,ISL News,2024,Mohun Bagan Super Giant 2-1 Mumbai City FC | ISL 2023-24,2024-04-19 08:40:23
1137,ISL News,2024,Mohun Bagan Super Giant 2-1 Mumbai City FC | MW 22 | ISL ...,2024-04-19 08:40:23
1138,ISL News,2024,,2024-04-19 08:40:23
1139,ISL News,2024,MBSG are the ISL 2023-24 League Winners!,2024-04-19 08:40:23
1140,ISL News,2024,Preview: Odisha FC take on Kerala Blasters FC for a spot ...,2024-04-19 08:40:23
1141,ISL News,2024,ISL: Odisha plot a KO punch on Blasters at Kalinga,2024-04-19 08:40:23
1142,ISL News,2024,More results,2024-04-19 08:40:23
1143,ISL News,2024,,2024-04-19 08:42:44
1144,ISL News,2024,Match Highlights | Mohun Bagan Super Giant 2-1 Mumbai City ...,2024-04-19 08:42:44
1145,ISL News,2024,MBSG are the ISL 2023-24 League Winners!,2024-04-19 08:42:44
1146,ISL News,2024,Preview: Odisha FC take on Kerala Blasters FC for a spot ...,2024-04-19 08:42:44
1147,ISL News,2024,More results,2024-04-19 08:42:44
1148,ISL News,2024,HT Kick Off: ISL's agonising 17-day break and AIFF's ...,2024-04-19 08:42:44
1149,ISL News,2024,Guided Search Filters,2024-04-19 08:42:44
1150,ISL News,2024,Which teams have qualified for the ISL playoffs and their road ...,2024-04-19 08:42:44
1151,ISL News,2024,ISL: Odisha plot a KO punch on Blasters at Kalinga,2024-04-19 08:42:44
1152,ISL News,2024,Pitchside Cam | Mohun Bagan Super Giant 2-1 Mumbai City ...,2024-04-19 08:42:44
1153,ISL News,2024,,2024-04-19 08:42:44
1154,ISL News,2024,Match Highlights | Mohun Bagan Super Giant 2-1 Mumbai City ...,2024-04-19 08:42:44
1155,ISL News,2024,MBSG are the ISL 2023-24 League Winners!,2024-04-19 08:42:44
1156,ISL News,2024,Preview: Odisha FC take on Kerala Blasters FC for a spot ...,2024-04-19 08:42:44
1157,ISL News,2024,More results,2024-04-19 08:42:44
1158,ISL News,2024,HT Kick Off: ISL's agonising 17-day break and AIFF's ...,2024-04-19 08:42:44
1159,ISL News,2024,Guided Search Filters,2024-04-19 08:42:44
1160,ISL News,2024,Which teams have qualified for the ISL playoffs and their road ...,2024-04-19 08:42:44
1161,ISL News,2024,ISL: Odisha plot a KO punch on Blasters at Kalinga,2024-04-19 08:42:44
1162,ISL News,2024,Pitchside Cam | Mohun Bagan Super Giant 2-1 Mumbai City ...,2024-04-19 08:42:44
1163,ISL News,2024,,2024-04-19 08:42:44
1164,ISL News,2024,Match Highlights | Mohun Bagan Super Giant 2-1 Mumbai City ...,2024-04-19 08:42:44
1165,ISL News,2024,MBSG are the ISL 2023-24 League Winners!,2024-04-19 08:42:44
1166,ISL News,2024,Preview: Odisha FC take on Kerala Blasters FC for a spot ...,2024-04-19 08:42:44
1167,ISL News,2024,More results,2024-04-19 08:42:44
1168,ISL News,2024,HT Kick Off: ISL's agonising 17-day break and AIFF's ...,2024-04-19 08:42:44
1169,ISL News,2024,Guided Search Filters,2024-04-19 08:42:44
1170,ISL News,2024,Which teams have qualified for the ISL playoffs and their road ...,2024-04-19 08:42:44
1171,ISL News,2024,ISL: Odisha plot a KO punch on Blasters at Kalinga,2024-04-19 08:42:44
1172,ISL News,2024,Pitchside Cam | Mohun Bagan Super Giant 2-1 Mumbai City ...,2024-04-19 08:42:44
1173,ISL News,2024,,2024-04-19 08:42:44
